City ID,City Name,Cloudiness,Country,Humidity,Latitude,Temperature,Wind Speeds
3655720,Huaquillas,56.00%,EC,73.00%,-3.4811,78.24,9.01
1496511,Novyy Urengoy,56.00%,RU,75.00%,66.0833,13.41,15.73
3453439,Ponta do Sol,20.00%,BR,58.00%,-20.6335,73.26,5.77
5656882,Helena,20.00%,US,48.00%,46.5927,43.27,9.91
344979,Lebu,0.00%,ET,39.00%,8.9611,50.34,5.88
2562250,Zurrieq,8.00%,MT,99.00%,35.8311,54.0,18.41
2290609,Dabakala,68.00%,CI,40.00%,8.3632,80.49,3.98
64814,Bandarbeyla,0.00%,SO,100.00%,9.4942,79.27,14.5
2017155,Saskylakh,44.00%,RU,76.00%,71.965,-20.15,16.96
158514,Kaliua,48.00%,TZ,84.00%,-5.0595,63.59,4.76
5746545,Portland,92.00%,US,100.00%,45.5202,47.48,5.55
262462,Chara,0.00%,GR,85.00%,39.4167,45.12,2.53
4033356,Tiarei,92.00%,PF,99.00%,-17.5334,85.35,16.84
2122104,Petropavlovsk-Kamchatskiy,0.00%,RU,95.00%,53.0452,15.03,2.42
696581,Pomichna,92.00%,UA,98.00%,48.2433,38.5,10.47
5703670,Elko,0.00%,US,35.00%,40.8324,42.71,5.1
3356343,Karasburg,0.00%,NA,24.00%,-28.013,57.49,9.24
3837213,San Juan,32.00%,AR,30.00%,-31.5372,71.83,5.77
549748,Kholmogory,68.00%,RU,80.00%,64.227,8.82,2.98
1154689,Ko Samui,8.00%,TH,100.00%,9.5357,82.15,7.45
1637001,Luwuk,80.00%,ID,100.00%,-0.9504,74.82,2.64
2501152,Constantine,88.00%,DZ,96.00%,36.3645,41.63,4.88
1805987,Jiaozuo,0.00%,CN,76.00%,35.2076,40.03,2.64
6174914,Wadena,0.00%,CA,95.00%,51.95,33.94,14.05
545747,Komsomolets,0.00%,RU,86.00%,52.768,21.18,13.27
1633419,Padang,48.00%,ID,100.00%,-0.9248,81.41,5.1
2517679,Fortuna,0.00%,ES,42.00%,38.1801,53.87,12.71
2063056,Port Augusta,0.00%,AU,73.00%,-32.4909,46.98,6.89
1808534,Helong,8.00%,CN,98.00%,25.9445,43.79,2.3
2327546,Keita,8.00%,NG,70.00%,7.1,78.69,7.45
5681948,Fallon,68.00%,US,74.00%,46.8369,42.15,11.25
2189343,Kaeo,0.00%,NZ,73.00%,-35.1018,81.63,7.0
5491487,Silver City,56.00%,US,41.00%,32.7725,57.51,6.55
3421193,Paamiut,0.00%,GL,100.00%,61.994,20.14,31.16
466538,Yumaguzino,80.00%,RU,91.00%,52.9041,24.71,8.79
1524298,Aksu,0.00%,KZ,79.00%,52.0354,16.07,10.25
1712961,Gigmoto,56.00%,PH,100.00%,13.7796,75.72,12.15
3618522,Pearl Lagoon,56.00%,NI,99.00%,12.341,81.45,15.05
4267710,Sitka,92.00%,US,25.00%,37.175,79.77,15.73
3449747,Santa Vitoria do Palmar,0.00%,BR,81.00%,-33.5189,62.38,9.24
236950,Obo,68.00%,CF,92.00%,5.3941,70.61,1.86
3939761,Hualmay,12.00%,PE,66.00%,-11.0968,74.1,4.32
3653523,Palora,92.00%,EC,100.00%,-1.6984,63.18,1.41
1632694,Pangkalanbuun,44.00%,ID,95.00%,-2.6834,71.96,3.87
1794903,Shiyan,0.00%,CN,83.00%,32.6451,45.1,1.97
2019867,Mokhsogollokh,56.00%,RU,89.00%,61.3979,20.89,5.77
710381,Chudniv,48.00%,UA,87.00%,50.0524,24.73,4.43
2069194,Jamestown,20.00%,AU,82.00%,-33.2075,47.28,8.79
2062276,Roebourne,0.00%,AU,74.00%,-20.7724,76.59,8.23
3718426,Delmas,12.00%,HT,53.00%,18.5518,84.9,1.97
4494335,Sylva,56.00%,US,59.00%,35.3737,52.07,2.75
2303611,Axim,0.00%,GH,96.00%,4.8654,82.65,10.36
2146219,Hervey Bay,64.00%,AU,98.00%,-25.2986,77.95,13.38
1493197,Salekhard,68.00%,RU,70.00%,66.5375,-3.39,10.13
1151074,Prachuap Khiri Khan,64.00%,TH,96.00%,11.8064,71.11,2.42
2156927,Moree,0.00%,AU,67.00%,-29.4618,58.91,4.21
3402920,Careiro da Varzea,8.00%,BR,82.00%,-3.2003,84.43,4.09
2729907,Longyearbyen,0.00%,NO,87.00%,78.2198,4.51,2.08
5983430,Innisfail,20.00%,CA,90.00%,52.0201,46.08,5.99
3438102,Fuerte Olimpo,36.00%,BR,70.00%,-21.0386,74.01,8.79
4021858,Guerrero Negro,0.00%,MX,61.00%,27.971,64.99,19.64
3137942,Sola,68.00%,NO,100.00%,58.8861,34.9,19.3
506598,Ponyri,0.00%,RU,88.00%,52.3192,25.34,11.92
546105,Nikolskoye,0.00%,RU,67.00%,59.7035,18.27,5.66
4314550,Alexandria,0.00%,US,68.00%,31.3112,85.51,13.82
4736096,Texarkana,48.00%,US,68.00%,33.4418,84.63,13.15
3397967,Itaituba,32.00%,BR,78.00%,-4.2626,86.43,2.86
6944112,Forestville,0.00%,CA,83.00%,48.7394,33.82,4.32
3412093,Vestmannaeyjar,92.00%,IS,96.00%,63.4427,41.4,36.64
6111696,Port-Cartier,0.00%,CA,93.00%,50.0257,33.53,16.62
2524379,Lipari,56.00%,IT,100.00%,38.4674,55.06,17.07
1214488,Meulaboh,32.00%,ID,100.00%,4.1363,76.73,4.32
3465329,Coruripe,80.00%,BR,93.00%,-10.125,80.24,10.92
1689431,San Jose,20.00%,PH,96.00%,15.7917,63.77,1.74
6170031,Tuktoyaktuk,8.00%,CA,86.00%,69.444,-9.1,3.53
4501427,Port Elizabeth,0.00%,US,62.00%,39.3134,44.85,14.27
3652764,Puerto Ayora,20.00%,EC,92.00%,-0.7394,85.3,11.03
2339937,Auki,0.00%,NG,32.00%,12.1824,66.88,6.67
1264542,Jaisinghnagar,20.00%,IN,32.00%,23.6265,63.14,7.23
8010472,Belmonte,0.00%,PT,82.00%,40.3583,37.04,4.32
2175403,Bluff,92.00%,AU,90.00%,-23.58,72.54,4.88
4732862,Nome,0.00%,US,61.00%,30.0358,81.32,16.73
457954,Liepaja,12.00%,LV,82.00%,56.5167,28.17,17.52
3378644,Georgetown,92.00%,GY,73.00%,6.8026,79.27,8.46
4030556,Rikitea,64.00%,PF,100.00%,-23.1203,81.16,19.53
2013279,Vostok,20.00%,RU,66.00%,46.448,42.91,6.44
3466980,Caravelas,8.00%,BR,100.00%,-17.7297,81.05,10.69
2121909,Poronaysk,8.00%,RU,74.00%,49.2216,31.41,8.9
1159716,Sarakhs,0.00%,TM,59.00%,36.5399,60.75,5.99
3024035,Concarneau,92.00%,FR,97.00%,47.8757,48.88,14.72
3838859,Rio Gallegos,68.00%,AR,54.00%,-51.6227,66.11,23.89
4011743,Constitucion,8.00%,MX,16.00%,23.9912,85.78,13.15
1058381,Morondava,0.00%,MG,85.00%,-20.2954,82.8,7.67
3529654,Dzilam Gonzalez,0.00%,MX,31.00%,21.2833,96.53,8.12
2447416,Ayorou,0.00%,NE,17.00%,14.7336,66.47,8.57
1623890,Lamu,64.00%,ID,100.00%,0.5704,70.95,1.74
2121025,Srednekolymsk,0.00%,RU,75.00%,67.4555,-4.47,3.98
2630299,Hofn,92.00%,IS,98.00%,64.2539,39.6,25.9
2396853,Omboue,48.00%,GA,100.00%,-1.5747,82.49,9.8
286245,Sur,0.00%,OM,82.00%,22.5702,77.34,3.87
546282,Kologriv,88.00%,RU,76.00%,58.8255,17.04,5.32
4034496,Fare,100.00%,PF,96.00%,-16.7001,83.48,17.52
2219235,Awbari,0.00%,LY,21.00%,26.5897,45.18,4.21
6089245,Norman Wells,0.00%,CA,82.00%,65.2824,-0.13,3.65
3429732,Puerto Rico,44.00%,PY,69.00%,-26.817,71.56,2.98
3424607,Tasiilaq,80.00%,GL,94.00%,65.6145,25.5,19.53
2445553,Dogondoutchi,0.00%,NE,28.00%,13.6409,71.28,7.78
2332459,Lagos,12.00%,NG,83.00%,6.4551,81.39,8.12
73560,Lahij,20.00%,YE,94.00%,13.0567,65.57,3.2
1150965,Ranong,0.00%,TH,100.00%,9.9601,80.64,6.89
3356832,Henties Bay,0.00%,NA,96.00%,-22.1161,61.56,4.43
3831208,Qaanaaq,8.00%,GL,75.00%,77.484,-17.43,4.43
1337612,Dhidhdhoo,0.00%,MV,100.00%,6.8833,83.05,4.99
3464547,Dom Pedrito,44.00%,BR,71.00%,-30.9838,68.13,9.01
1651810,Airai,76.00%,TL,92.00%,-8.9266,68.5,1.63
3393692,Itarema,48.00%,BR,98.00%,-2.9248,76.23,1.97
1650434,Bambanglipuro,88.00%,ID,99.00%,-7.95,73.29,2.75
4020109,Atuona,92.00%,PF,100.00%,-9.8,78.3,16.73
3938415,Ilo,8.00%,PE,70.00%,-17.6476,72.16,3.98
3026644,Souillac,48.00%,FR,78.00%,45.6006,39.99,6.44
100926,Umm Lajj,32.00%,SA,86.00%,25.024,70.7,3.65
146639,Lasa,0.00%,CY,100.00%,34.9245,54.37,2.53
5855927,Hilo,0.00%,US,100.00%,19.7072,68.85,10.02
110690,Faya,0.00%,SA,26.00%,18.3851,53.47,7.67
553518,Vozrozhdeniye,20.00%,RU,91.00%,60.8612,16.12,6.33
2271968,Aljezur,0.00%,PT,93.00%,37.3149,57.04,16.51
3466165,Cidreira,92.00%,BR,83.00%,-30.1658,68.76,12.26
244878,Biltine,0.00%,TD,30.00%,14.5252,68.16,6.22
1131462,Uruzgan,32.00%,AF,58.00%,32.9278,28.18,1.86
2015306,Tiksi,64.00%,RU,59.00%,71.6366,-4.24,2.75
5905393,Bonavista,0.00%,CA,89.00%,48.6542,28.42,9.8
6111862,Port Hardy,92.00%,CA,100.00%,50.6996,42.39,7.78
1254046,Tura,0.00%,IN,96.00%,25.5174,60.89,5.44
3036965,Le Port,44.00%,FR,97.00%,42.8663,16.72,1.97
3924895,Placido de Castro,88.00%,BR,80.00%,-10.3353,73.98,4.43
1629380,Ruteng,24.00%,ID,93.00%,-8.6111,67.55,3.31
6295855,Saint-Georges,0.00%,CA,39.00%,46.123,41.83,3.31
2121385,Severo-Kurilsk,64.00%,RU,100.00%,50.6789,27.9,5.21
691650,Petrykiv,0.00%,UA,85.00%,49.5332,18.23,2.98
2377457,Nouadhibou,8.00%,MR,52.00%,20.931,63.64,13.71
1636022,Martapura,92.00%,ID,100.00%,-3.4055,72.25,4.43
2194098,Ahipara,0.00%,NZ,85.00%,-35.1665,77.18,6.67
1526038,Atbasar,36.00%,KZ,89.00%,51.811,25.86,16.28
4013704,Laguna,92.00%,MX,25.00%,27.5185,81.63,3.87
6063191,Mackenzie,92.00%,CA,76.00%,55.3382,31.33,5.1
2075265,Busselton,32.00%,AU,100.00%,-33.6445,60.46,11.59
4787534,Sterling,0.00%,US,53.00%,39.0016,49.01,10.47
359792,Aswan,64.00%,EG,31.00%,24.0911,82.8,9.24
2013258,Vrangel,0.00%,RU,93.00%,42.7297,32.88,11.14
4407665,Kodiak,92.00%,US,100.00%,39.9519,49.78,14.72
2867726,Munchberg,76.00%,DE,99.00%,50.2,34.97,3.87
2742416,Barcelos,56.00%,PT,96.00%,41.5314,47.23,2.19
2460954,Araouane,0.00%,ML,24.00%,18.9041,50.18,4.43
787487,Poum,92.00%,MK,97.00%,41.2813,40.78,1.86
588335,Kardla,0.00%,EE,87.00%,58.4383,16.77,4.09
3520994,Puerto Escondido,0.00%,MX,100.00%,15.8624,85.46,8.46
584051,Svetlogorsk,24.00%,RU,86.00%,53.1375,22.05,13.04
1269106,Jawhar,0.00%,IN,70.00%,19.9125,65.62,1.41
2125693,Evensk,0.00%,RU,100.00%,61.9192,6.96,1.19
1006984,East London,36.00%,ZA,100.00%,-33.0153,72.21,14.27
2509377,Zafra,0.00%,ES,81.00%,38.4253,46.94,4.65
3031582,Saint-Augustin,44.00%,FR,84.00%,44.8323,43.86,5.21
1226260,Trincomalee,80.00%,LK,89.00%,8.5764,77.4,3.42
2077895,Alice Springs,0.00%,AU,72.00%,-23.6984,49.55,3.98
3388456,Sao Jose da Coroa Grande,92.00%,BR,92.00%,-8.8978,76.3,5.77
3133895,Tromso,64.00%,NO,94.00%,69.6489,25.65,4.09
2019309,Neryungri,44.00%,RU,76.00%,56.658,15.03,8.79
1861084,Izumo,0.00%,JP,90.00%,35.3669,45.68,11.25
1486321,Yar-Sale,76.00%,RU,88.00%,66.8333,5.67,9.24
60019,Eyl,36.00%,SO,100.00%,7.9808,77.31,15.5
6690297,Saint-Leu,56.00%,RE,100.00%,-21.15,76.1,2.42
3652462,San Cristobal,88.00%,EC,79.00%,-0.3855,67.62,1.41
1644605,Galesong,76.00%,ID,98.00%,-5.3166,77.45,4.43
262462,Saint George,0.00%,GR,85.00%,39.4548,45.12,2.53
2249901,Gat,64.00%,SN,27.00%,14.6934,74.44,12.37
3894426,Coihaique,68.00%,CL,61.00%,-45.5753,57.0,9.8
595016,Salcininkai,76.00%,LT,94.00%,54.3,33.82,7.11
3394023,Natal,92.00%,BR,89.00%,-5.8054,81.12,4.99
1225018,Vavuniya,80.00%,LK,89.00%,8.7594,77.86,2.98
779622,Havoysund,88.00%,NO,99.00%,70.9963,24.84,17.07
1689639,San Isidro,80.00%,PH,95.00%,16.7353,65.68,2.75
3833883,Trelew,12.00%,AR,24.00%,-43.2532,78.75,13.27
541344,Krasnyy Yar,0.00%,RU,84.00%,50.6997,18.36,9.57
3589805,San Marcos,24.00%,GT,42.00%,14.9655,90.12,1.41
1865309,Katsuura,48.00%,JP,86.00%,33.9258,44.35,1.97
588365,Vao,0.00%,EE,75.00%,59.1018,18.81,7.45
6138908,Saint-Philippe,0.00%,CA,87.00%,45.3584,41.11,5.55
2052479,Zhuhai,0.00%,CN,80.00%,40.7143,33.87,3.2
2068110,Kununurra,80.00%,AU,73.00%,-15.7731,72.64,6.22
5856516,Ahuimanu,56.00%,US,93.00%,21.4447,80.08,4.09
3421982,Maniitsoq,0.00%,GL,100.00%,65.4167,-4.28,4.88
5961417,Husavik,32.00%,CA,100.00%,50.5623,35.67,4.21
69559,Yarim,0.00%,YE,40.00%,14.2991,33.71,2.64
3355672,Luderitz,0.00%,NA,83.00%,-26.6481,55.8,7.0
3421319,Nuuk,0.00%,GL,100.00%,64.175,4.8,5.44
3407980,Alenquer,44.00%,BR,82.00%,-1.9463,84.58,3.98
3395981,Maceio,92.00%,BR,87.00%,-9.6659,78.62,3.87
2374583,Bubaque,20.00%,GW,100.00%,11.2833,80.1,9.01
2510573,Teguise,0.00%,ES,90.00%,29.0605,61.25,23.89
2122605,Okhotsk,92.00%,RU,96.00%,59.3644,15.78,13.15
3406196,Barreirinhas,76.00%,BR,96.00%,-2.7542,76.75,2.53
3576994,Cockburn Town,0.00%,TC,100.00%,21.4612,75.85,11.92
5742974,North Bend,92.00%,US,83.00%,43.4065,52.84,4.21
2063042,Port Hedland,0.00%,AU,76.00%,-20.3112,76.5,5.21
2092164,Lorengau,56.00%,PG,100.00%,-2.0226,82.49,8.46
1282256,Hithadhoo,92.00%,MV,100.00%,-0.6,83.32,3.09
2110227,Butaritari,0.00%,KI,97.00%,3.0707,83.73,13.27
5106834,Albany,0.00%,US,35.00%,42.6512,46.87,3.31
3465713,Conde,92.00%,BR,85.00%,-11.813,79.03,8.12
5493811,Taos,32.00%,US,34.00%,36.4072,51.51,5.77
2012956,Yerbogachen,8.00%,RU,78.00%,61.2767,7.45,4.43
1812956,Mali,100.00%,CN,96.00%,27.5311,45.01,1.74
1513990,Gazli,80.00%,UZ,71.00%,40.1339,53.65,8.9
2633414,Yarmouth,76.00%,GB,91.00%,50.7055,41.29,7.9
1636121,Dukuhturi,56.00%,ID,97.00%,-7.2397,70.29,1.97
2638419,Scarborough,80.00%,GB,71.00%,54.2848,41.49,5.99
3347019,Namibe,20.00%,AO,100.00%,-15.1902,77.32,8.01
327651,Teseney,0.00%,ER,23.00%,15.1095,77.94,14.27
3576765,Dennery,0.00%,LC,93.00%,13.8996,81.79,14.38
7626384,Hovd,0.00%,NO,100.00%,63.8339,20.91,2.42
1682474,Ternate,8.00%,PH,83.00%,14.2859,77.85,12.03
2188874,Kerikeri,0.00%,NZ,73.00%,-35.2298,81.63,7.0
2388036,Bossangoa,44.00%,CF,58.00%,6.4986,78.89,5.44
5354943,Half Moon Bay,0.00%,US,73.00%,37.4636,60.44,18.3
1260178,Patamundai,0.00%,IN,93.00%,20.5667,75.49,10.36
2522325,Aguimes,44.00%,ES,99.00%,27.9054,62.28,24.0
5848280,Kapaa,0.00%,US,84.00%,22.0752,76.3,4.21
86049,Jalu,0.00%,LY,20.00%,29.0331,58.03,8.01
3458498,Linhares,44.00%,BR,79.00%,-19.3817,75.9,7.34
4069659,Jasper,92.00%,US,68.00%,33.8312,57.45,9.24
6068416,Mayo,0.00%,CA,67.00%,63.5927,15.75,3.76
2112444,Kamaishi,0.00%,JP,80.00%,39.2793,34.59,2.98
934479,Grand Gaube,68.00%,MU,100.00%,-20.0064,77.18,13.04
511592,Peno,88.00%,RU,89.00%,56.9238,17.78,14.83
3036016,Aurillac,92.00%,FR,83.00%,44.9285,39.18,6.67
778362,Oksfjord,88.00%,NO,100.00%,70.2396,25.45,11.48
1806466,Guangyuan,32.00%,CN,66.00%,32.433,42.75,1.86
3874787,Punta Arenas,36.00%,CL,94.00%,-53.1627,55.0,29.48
3430443,Necochea,56.00%,AR,72.00%,-38.5473,59.18,8.46
5428055,Las Animas,36.00%,US,29.00%,38.0667,60.4,2.86
556268,Ostrovnoy,44.00%,RU,71.00%,68.0544,5.72,14.38
2122090,Pevek,12.00%,RU,72.00%,69.7028,-9.57,5.21
3177219,Fano,0.00%,IT,100.00%,43.8424,40.95,5.99
2644605,Lerwick,0.00%,GB,100.00%,60.1545,38.57,21.32
113491,Takestan,0.00%,IR,43.00%,36.0726,48.15,8.34
3836620,San Ramon de la Nueva Oran,0.00%,AR,66.00%,-23.1323,73.04,7.67
3037456,Saint-Joseph,8.00%,FR,84.00%,43.5562,42.3,1.74
2013392,Vilyuysk,88.00%,RU,77.00%,63.7541,18.73,7.56
544084,Koslan,0.00%,RU,68.00%,63.4564,2.89,5.32
3366880,Hermanus,0.00%,ZA,92.00%,-34.4176,42.82,4.65
1785572,Yuxia,0.00%,CN,63.00%,34.0647,46.11,6.33
1688687,San Quintin,0.00%,PH,89.00%,17.5427,59.02,3.2
3406961,Augusto Correa,32.00%,BR,85.00%,-1.0217,77.95,4.76
5972762,Hay River,24.00%,CA,55.00%,60.8156,1.13,4.65
1255425,Sunel,44.00%,IN,45.00%,24.3719,60.98,2.53
3418910,Upernavik,20.00%,GL,100.00%,72.7868,-10.23,5.44
1847947,Shingu,56.00%,JP,95.00%,33.7241,57.34,2.19
1527497,Kyzyl-Suu,92.00%,KG,100.00%,42.3395,34.65,7.67
3932145,Pisco,0.00%,PE,62.00%,-13.71,76.53,4.99
2112802,Hasaki,12.00%,JP,100.00%,35.7333,44.96,3.53
3372745,Rabo de Peixe,0.00%,PT,100.00%,37.8,61.2,1.41
2294915,Takoradi,0.00%,GH,98.00%,4.8874,80.73,9.01
6201424,Mataura,92.00%,NZ,84.00%,-46.1928,64.69,16.17
2123979,Kurilsk,48.00%,RU,100.00%,45.2333,27.1,5.88
1282898,Pokhara,0.00%,NP,48.00%,28.2095,37.36,3.65
2618795,Klaksvik,48.00%,FO,96.00%,62.2266,37.94,27.69
3401148,Cururupu,88.00%,BR,85.00%,-1.8243,78.96,4.99
5545269,Price,48.00%,US,30.00%,39.5994,44.67,3.98
3896218,Castro,76.00%,CL,89.00%,-42.4824,54.41,4.99
964432,Port Alfred,0.00%,ZA,93.00%,-33.5906,67.78,10.92
6148373,Sioux Lookout,92.00%,CA,75.00%,50.1001,32.47,6.44
1035025,Nacala,56.00%,MZ,100.00%,-14.5565,79.59,3.87
2077454,Australind,0.00%,AU,96.00%,-33.2808,56.16,8.12
2347470,Miri,0.00%,NG,52.00%,10.3127,63.46,4.43
4034551,Faanui,92.00%,PF,100.00%,-16.4834,82.42,17.85
2156825,Morwell,68.00%,AU,100.00%,-38.2366,52.52,3.87
3416888,Grindavik,92.00%,IS,100.00%,63.8424,40.96,21.88
1512019,Aksarka,76.00%,RU,79.00%,66.5606,-7.59,23.33
3947322,La Libertad,12.00%,PE,58.00%,-16.3768,63.27,4.32
5468773,Gallup,0.00%,US,26.00%,35.5284,57.0,10.8
5404476,Ukiah,12.00%,US,53.00%,39.1502,64.62,2.75
1488235,Ust-Charyshskaya Pristan,80.00%,RU,90.00%,52.3913,28.27,6.11
1037125,Montepuez,32.00%,MZ,90.00%,-13.1254,73.96,5.44
1635815,Maumere,76.00%,ID,100.00%,-8.6257,80.33,1.97
2163355,Hobart,44.00%,AU,80.00%,-42.8826,49.37,5.77
161901,Kaka,0.00%,TM,98.00%,37.3482,44.02,2.64
1605072,Wapi Pathum,0.00%,TH,64.00%,15.8441,71.22,10.02
749747,Ayan,80.00%,TR,70.00%,40.6712,44.94,4.99
3577430,Road Town,88.00%,VG,100.00%,18.4167,77.29,7.67
1507390,Dikson,20.00%,RU,96.00%,73.5069,-17.22,5.21
1261853,Narasannapeta,0.00%,IN,100.00%,18.4151,70.93,2.42
5228673,Huron,48.00%,US,100.00%,44.3631,39.27,4.65
524699,Mozhga,88.00%,RU,94.00%,56.4437,31.89,13.38
3421719,Narsaq,0.00%,GL,65.00%,60.9127,12.02,5.66
3435261,Concordia,0.00%,AR,52.00%,-31.3973,71.1,10.25
1634614,Nabire,20.00%,ID,92.00%,-3.3597,65.7,2.42
2184707,Wanaka,44.00%,NZ,74.00%,-44.6972,63.72,10.58
2337542,Naze,8.00%,NG,85.00%,5.4333,77.25,7.23
2094746,Kandrian,56.00%,PG,97.00%,-6.2075,78.21,3.76
2126199,Cherskiy,0.00%,RU,64.00%,68.75,-9.26,3.09
2720679,Bollnas,0.00%,SE,75.00%,61.3482,10.98,3.65
6185377,Yellowknife,0.00%,CA,94.00%,62.4541,-2.13,9.91
5919850,Chapais,80.00%,CA,69.00%,49.7839,39.96,8.01
2389853,Bangui,12.00%,CF,88.00%,4.3907,75.78,2.53
3372472,Vila Franca do Campo,0.00%,PT,100.00%,37.7167,60.75,5.55
6186122,Wiarton,0.00%,CA,69.00%,44.7407,51.85,15.73
5178040,Wexford,0.00%,US,46.00%,40.6265,49.35,8.23
2255564,Ouesso,56.00%,CG,88.00%,1.6097,72.46,3.42
6320062,Vila Velha,36.00%,BR,100.00%,-3.7125,82.27,5.32
2698767,Kumla,0.00%,SE,84.00%,59.1302,16.97,2.64
2013921,Ust-Kuyga,24.00%,RU,49.00%,70.0018,-6.69,4.43
1800764,Mengcheng,0.00%,CN,87.00%,33.2579,52.05,5.99
3006414,La Seyne-sur-Mer,0.00%,FR,71.00%,43.0982,51.08,11.25
2191562,Dunedin,76.00%,NZ,57.00%,-45.874,73.24,14.05
2063039,Port Keats,0.00%,AU,92.00%,-14.25,78.55,3.09
1622786,Bone,76.00%,ID,98.00%,-5.2934,77.45,4.43
3934608,Tucuman,0.00%,PE,41.00%,-17.1748,72.21,4.76
2413070,Nioro,80.00%,GM,28.00%,13.7912,72.63,7.45
5880568,Bethel,92.00%,US,89.00%,60.7922,38.23,11.48
1168700,Ormara,0.00%,PK,82.00%,25.2088,75.16,13.82
4372777,Vardo,0.00%,US,38.00%,39.6165,49.28,7.56
2120591,Tilichiki,0.00%,RU,66.00%,60.4667,-2.64,2.75
2108502,Honiara,76.00%,SB,100.00%,-9.4313,77.07,1.74
2022304,Khorinsk,80.00%,RU,75.00%,52.1613,36.18,8.57
2173125,Burnie,32.00%,AU,100.00%,-41.0524,56.44,12.26
1714733,Dingle,0.00%,PH,86.00%,11.0001,70.12,9.8
1682405,Tibiao,20.00%,PH,100.00%,11.2886,76.95,15.5
256952,Milos,0.00%,GR,95.00%,36.75,60.01,19.98
2542997,Marrakesh,0.00%,MA,39.00%,31.626,52.36,7.45
1503726,Kharp,68.00%,RU,69.00%,66.8152,-3.59,3.65
6354894,Portneuf,0.00%,CA,47.00%,46.6918,39.15,3.31
4032369,Pangai,92.00%,TO,100.00%,-19.8,79.21,14.27
1715499,Daraitan,8.00%,PH,99.00%,14.602,77.67,12.15
3694112,Paita,36.00%,PE,53.00%,-5.0851,80.58,11.48
1501000,Kyshtovka,88.00%,RU,91.00%,56.5596,25.56,14.5
2126123,Chokurdakh,36.00%,RU,65.00%,70.6192,-7.97,8.01
2126710,Beringovskiy,68.00%,RU,100.00%,63.05,14.11,21.32
616465,Lorut,24.00%,AM,98.00%,40.9374,30.63,1.97
292968,Abu Dhabi,0.00%,AE,90.00%,24.4748,74.84,3.09
1792592,Tongren,44.00%,CN,94.00%,27.7223,48.13,2.53
2155415,New Norfolk,44.00%,AU,93.00%,-42.7802,48.43,4.65
3531368,Celestun,0.00%,MX,84.00%,20.8667,82.53,12.26
3844421,Russell,0.00%,AR,40.00%,-33.0055,69.73,3.76
5992500,Kingston,0.00%,CA,39.00%,44.2307,45.43,3.2
2160063,Codrington,92.00%,AU,100.00%,-28.9484,67.46,4.43
371745,Kutum,0.00%,SD,16.00%,14.2031,70.84,12.03
2208248,Kaitangata,92.00%,NZ,71.00%,-46.2818,72.1,13.38
5509851,Pahrump,0.00%,US,13.00%,36.2083,58.64,6.67
4712933,Mount Pleasant,8.00%,US,55.00%,33.1571,86.05,13.49
1733782,Victoria,64.00%,BN,100.00%,5.2785,77.11,3.09
2413419,Gunjur,88.00%,GM,79.00%,13.176,73.65,9.69
5711847,Astoria,92.00%,US,100.00%,46.1879,48.67,5.32
6167817,Torbay,0.00%,CA,96.00%,47.6577,30.9,10.8
4696310,Harper,0.00%,US,42.00%,30.2999,87.19,18.86
2409914,Bonthe,12.00%,SL,86.00%,7.5273,75.65,3.76
4035715,Avarua,92.00%,CK,100.00%,-21.2078,80.65,14.27
1529484,Hami,0.00%,CN,43.00%,42.8354,42.93,7.56
1608191,Nong Phai,68.00%,TH,89.00%,15.9972,73.31,1.63
3603330,Amapa,12.00%,HN,47.00%,15.0877,91.96,2.75
4036284,Alofi,80.00%,NU,100.00%,-19.0596,78.44,10.02
3980760,Caltzontzin,0.00%,MX,33.00%,19.4285,83.64,3.42
3449479,Santo Antonio do Sudoeste,68.00%,BR,77.00%,-26.0737,74.12,2.08
1490256,Talnakh,68.00%,RU,72.00%,69.494,-9.84,3.09
779350,Karasjok,0.00%,NO,78.00%,69.4721,20.07,7.78
924572,Nsanje,8.00%,MZ,61.00%,-16.9233,81.64,10.58
3415720,Hella,92.00%,IS,96.00%,63.8355,41.4,36.64
3372707,Ribeira Grande,92.00%,PT,98.00%,38.5167,64.09,9.24
3985710,Cabo San Lucas,0.00%,MX,89.00%,22.8938,78.33,1.41
1885823,Jiangyou,68.00%,CN,77.00%,31.7777,48.38,3.98
5446091,Oakley,88.00%,US,80.00%,39.1264,48.43,9.8
3402648,Carutapera,80.00%,BR,91.00%,-1.2017,77.61,4.99
6065253,Manitouwadge,88.00%,CA,55.00%,49.1215,35.87,7.23
5887916,Athabasca,48.00%,CA,89.00%,54.7215,29.12,10.8
5380420,Pacifica,0.00%,US,71.00%,37.6138,63.18,9.8
5962442,Goderich,0.00%,CA,40.00%,43.7407,47.7,19.53
3840300,Presidencia Roque Saenz Pena,0.00%,AR,75.00%,-26.7853,68.97,8.57
5606187,Saint Anthony,8.00%,US,48.00%,43.9663,41.18,7.78
2181625,Te Anau,92.00%,NZ,95.00%,-45.4145,55.09,17.07
5983720,Iqaluit,88.00%,CA,91.00%,63.7494,22.1,12.48
3374083,Bathsheba,0.00%,BB,97.00%,13.2167,81.84,13.6
3981460,Coahuayana,0.00%,MX,28.00%,18.6201,91.62,2.98
6173864,Vernon,92.00%,CA,53.00%,50.2683,36.72,3.42
2179825,Waitati,76.00%,NZ,57.00%,-45.7479,73.24,14.05
1223738,Weligama,0.00%,LK,100.00%,5.9667,74.66,4.21
2136825,Isangel,88.00%,VU,100.00%,-19.55,81.36,20.42
5836068,Rawlins,44.00%,US,67.00%,41.7911,32.97,11.81
3423146,Ilulissat,36.00%,GL,90.00%,69.2167,-10.54,3.2
3448903,Sao Joao da Barra,0.00%,BR,97.00%,-21.6403,81.63,16.28
6324729,Halifax,0.00%,CA,91.00%,44.6491,37.44,12.82
3531023,Chetumal,100.00%,BZ,85.00%,18.4984,83.79,12.26
4563243,Carolina,56.00%,PR,99.00%,18.3794,80.64,10.8
527321,Mezen,0.00%,RU,76.00%,65.8522,-12.12,2.42
525426,Sobolevo,56.00%,RU,92.00%,54.4299,34.32,11.7
3652350,La Asuncion,92.00%,EC,92.00%,-1.6374,61.18,2.19
2094342,Kavieng,8.00%,PG,99.00%,-2.5745,84.83,6.89
2033630,Xiongyue,0.00%,CN,79.00%,40.1774,41.07,7.0
2122414,Orotukan,64.00%,RU,62.00%,62.2623,-2.35,2.64
1267390,Kavaratti,36.00%,IN,100.00%,10.5669,82.99,4.99
1337607,Kudahuvadhoo,0.00%,MV,100.00%,2.6708,83.62,4.21
1486910,Komsomolskiy,68.00%,RU,81.00%,67.5537,-9.06,20.76
2109528,Buala,20.00%,SB,98.00%,-8.1456,83.5,4.99
3911925,El Alto,12.00%,BO,27.00%,-16.4962,58.46,2.75
3443061,Chuy,0.00%,UY,81.00%,-33.6938,62.38,9.24
2720382,Hede,0.00%,SE,69.00%,60.4507,13.98,2.3
162158,Baherden,56.00%,TM,100.00%,38.4362,54.63,3.42
3471451,Arraial do Cabo,8.00%,BR,82.00%,-22.9663,79.74,20.31
3447409,Sombrio,92.00%,BR,100.00%,-29.108,68.79,3.98
5969025,Haines Junction,8.00%,CA,77.00%,60.7527,16.61,2.64
88319,Benghazi,0.00%,LY,99.00%,32.1171,57.85,7.23
2065594,Mount Isa,0.00%,AU,73.00%,-20.729,71.47,6.67
480484,Zykovo,92.00%,RU,89.00%,55.2351,33.53,17.85
5861897,Fairbanks,0.00%,US,65.00%,64.8378,29.89,12.37
1255364,Dumas,0.00%,IN,86.00%,21.0879,80.42,4.76
1705460,Luba,0.00%,PH,89.00%,17.3182,59.02,3.2
2022572,Khatanga,32.00%,RU,52.00%,71.9801,-31.83,10.36
3385920,Tupanatinga,92.00%,BR,77.00%,-8.7543,72.43,6.89
5882953,Aklavik,0.00%,CA,82.00%,68.2183,0.72,5.1
705626,Klishkivtsi,44.00%,UA,100.00%,48.4304,29.84,2.08
4282757,Ashland,8.00%,US,43.00%,38.4784,59.52,6.55
934322,Mahebourg,80.00%,MU,85.00%,-20.4081,76.71,6.11
1505579,Inta,68.00%,RU,68.00%,66.0397,-0.66,8.12
3381538,Grand-Santi,68.00%,GF,73.00%,4.2734,79.12,3.42
2129163,Mombetsu,0.00%,JP,90.00%,44.3525,29.17,6.22
3382160,Cayenne,100.00%,GF,87.00%,4.9371,81.63,6.67
5267537,Plover,68.00%,US,54.00%,44.4564,47.82,15.95
2267254,Lagoa,0.00%,PT,68.00%,37.1363,51.62,7.34
3863379,Mar del Plata,64.00%,AR,43.00%,-46.4276,65.88,23.78
6185607,Yorkton,0.00%,CA,98.00%,51.212,32.7,12.71
3893629,Coquimbo,0.00%,CL,94.00%,-29.9532,59.56,4.32
4231997,Avera,92.00%,US,69.00%,33.194,52.03,10.36
1690039,Palimbang,20.00%,PH,100.00%,14.8996,72.07,2.75
5859699,College,0.00%,US,65.00%,64.8569,29.91,12.37
2028462,Ulaanbaatar,88.00%,MN,39.00%,47.9185,42.57,14.94
1586350,Cam Ranh,8.00%,VN,100.00%,11.9167,69.04,10.13
3404558,Cabedelo,64.00%,BR,88.00%,-6.9733,80.96,8.23
3377301,Mabaruma,64.00%,GY,79.00%,8.1986,80.46,9.46
1263983,Mamit,44.00%,IN,97.00%,23.916,63.95,1.74
1519580,Saryozek,88.00%,KZ,100.00%,44.3583,43.43,3.09
535734,Lesnoy,32.00%,RU,82.00%,59.7817,7.7,4.21
5367788,Lompoc,0.00%,US,78.00%,34.6392,63.41,15.84
342711,Barentu,0.00%,ER,25.00%,15.1113,67.23,8.01
1015776,Bredasdorp,8.00%,ZA,100.00%,-34.5331,59.95,13.38
5960603,Geraldton,92.00%,CA,68.00%,49.7189,32.88,7.67
1651103,Atambua,0.00%,ID,100.00%,-9.1066,74.75,1.19
876123,Lumeje,48.00%,AO,91.00%,-11.5621,66.33,3.2
2178753,Kirakira,76.00%,SB,100.00%,-10.4569,83.26,10.47
1519030,Shu,88.00%,KZ,77.00%,43.5983,42.35,6.44
2180815,Tuatapere,88.00%,NZ,85.00%,-46.1324,59.79,20.65
6050066,La Ronge,12.00%,CA,60.00%,55.1004,46.0,8.68
986717,Kruisfontein,0.00%,ZA,94.00%,-34.0034,61.65,10.25
512255,Pavelets,24.00%,RU,88.00%,53.7883,25.7,15.05
2445704,Diffa,0.00%,NE,23.00%,13.3154,73.53,8.46
6165406,Thompson,24.00%,CA,62.00%,55.7433,31.93,10.8
2231504,Foumbot,32.00%,CM,78.00%,5.5109,65.79,6.33
1635111,Puri,76.00%,ID,96.00%,-7.5373,69.53,3.76
1507300,Dolgoderevenskoye,8.00%,RU,83.00%,55.3444,29.25,11.7
3833367,Ushuaia,92.00%,AR,100.00%,-54.807,50.49,27.58
4012344,Pasaje,0.00%,MX,11.00%,24.9278,92.88,4.43
1014034,Carnarvon,0.00%,ZA,24.00%,-30.9678,35.67,2.75
2448085,Agadez,8.00%,NE,25.00%,16.9726,61.47,4.54
3691954,Sechura,20.00%,PE,71.00%,-5.5576,76.86,13.71
1685936,Socorro,88.00%,PH,100.00%,13.0566,70.27,4.43
1273574,Vaini,12.00%,IN,82.00%,15.336,72.23,1.41
5253352,Fond du Lac,76.00%,US,62.00%,43.7749,46.27,19.98
4031637,Lavrentiya,88.00%,RU,100.00%,65.5842,23.76,12.26
6122085,Richmond,92.00%,CA,100.00%,49.1633,44.58,4.21
3832899,Viedma,0.00%,AR,31.00%,-40.8086,72.39,13.71
866062,Iskateley,12.00%,RU,65.00%,67.6803,-7.46,12.82
2757220,Den Helder,0.00%,NL,97.00%,52.958,36.28,5.21
5069297,Grand Island,92.00%,US,100.00%,40.9243,42.31,11.03
1927639,Yueyang,0.00%,CN,92.00%,29.3589,47.75,4.32
5536630,Cedar City,0.00%,US,35.00%,37.6775,42.4,5.44
6094817,Ottawa,0.00%,CA,51.00%,45.4211,41.54,5.1
2017215,Sangar,76.00%,RU,67.00%,63.9236,12.63,2.42
2020584,Magistralnyy,20.00%,RU,73.00%,56.1725,15.22,6.44
1576303,Lao Cai,92.00%,VN,99.00%,22.4833,60.06,1.74
331038,Mendi,36.00%,ET,57.00%,9.8,63.12,3.2
5954718,Flin Flon,68.00%,CA,78.00%,54.7698,33.48,11.92
3437029,San Patricio,0.00%,PY,59.00%,-26.9767,71.28,4.76
1106677,Bambous Virieux,80.00%,MU,85.00%,-20.3428,76.71,6.11
3372760,Praia da Vitoria,0.00%,PT,99.00%,38.7333,64.02,9.91
1784841,Zhaotong,92.00%,CN,100.00%,27.3377,44.64,2.53
1281256,Gamba,64.00%,CN,75.00%,28.2785,8.2,8.23
3421765,Nanortalik,0.00%,GL,100.00%,60.1432,22.17,34.63
2012530,Zhigansk,64.00%,RU,67.00%,66.7656,8.74,8.23
3374210,Sao Filipe,0.00%,CV,95.00%,14.8961,69.37,16.06
1150533,Sukhothai,88.00%,TH,95.00%,17.0127,73.08,2.75
3037899,Ambon,92.00%,FR,89.00%,47.5542,46.02,8.01
3839307,Rawson,12.00%,AR,24.00%,-43.2992,78.75,13.27
4359984,Kingsville,0.00%,US,46.00%,39.4488,47.39,7.0
3573374,The Valley,68.00%,AI,98.00%,18.217,80.98,6.78
2025256,Chumikan,92.00%,RU,88.00%,54.7183,20.88,3.98
216281,Goma,44.00%,CD,93.00%,-1.6666,57.38,2.53
5515743,Guymon,68.00%,US,18.00%,36.6828,60.76,15.05
2995603,Saint-Pierre,48.00%,FR,87.00%,48.9455,38.84,2.98
4031574,Provideniya,88.00%,RU,100.00%,64.4238,25.07,22.88
101312,Turayf,0.00%,SA,37.00%,31.6775,60.93,12.03
3036938,Arles,0.00%,FR,50.00%,43.6776,49.17,16.62
286621,Salalah,0.00%,OM,100.00%,17.0149,77.56,3.98
2127202,Anadyr,92.00%,RU,94.00%,64.7317,2.25,6.22
